Fecha,Column 3,Número
2020-04-04T22:58:08Z,Feliz Semana Santa,
2020-04-05T04:02:52Z,Feliz Domingo de Ramos,
2020-04-05T05:02:51Z,Feliz Domingo de Ramos,
2020-04-05T09:09:20Z,Feliz Semana Santa,
2020-04-05T11:09:22Z,Feliz Semana Santa,
2020-04-09T09:39:11Z,#FelizSemanaSanta,
2020-04-10T15:08:26Z,#FelizViernesSanto,
2020-04-11T20:37:16Z,Feliz Pascua de Resurrección,
2020-04-11T21:32:11Z,Feliz Pascua de Resurrección,
2020-04-11T22:39:11Z,Feliz Pascua de Resurrección,
2020-04-11T23:37:09Z,Feliz Pascua de Resurrección,
2020-04-12T00:42:11Z,Feliz Pascua de Resurrección,
2020-04-12T01:37:08Z,Feliz Pascua de Resurrección,
2020-04-12T02:42:05Z,Feliz Pascua de Resurrección,
2020-04-12T03:37:05Z,Feliz Pascua de Resurrección,
2020-04-12T04:44:23Z,Feliz Pascua de Resurrección,
2020-04-12T05:44:21Z,Feliz Pascua de Resurrección,
2020-04-12T06:44:15Z,Feliz Pascua,15501
2020-04-12T08:50:04Z,Feliz Pascua de Resurrección,12834
2020-04-12T09:45:03Z,Feliz Pascua de Resurrección,14397
2020-04-12T10:45:04Z,Feliz Domingo de Pascua,
2020-04-12T15:55:19Z,Feliz Domingo de Pascua,
2020-04-12T16:55:40Z,#FelicesPascuas,15282
2020-04-13T01:02:26Z,Feliz Pascua de Resurrección,34307
2020-04-13T06:07:07Z,Feliz Pascua de Resurrección,32234
2020-04-13T08:12:10Z,Feliz Pascua de Resurrección,29637
2020-04-13T10:08:09Z,Feliz Lunes de Pascua,
2020-04-13T13:13:23Z,Feliz Lunes de Pascua,
2021-04-03T06:30:00Z,Feliz Pascua de Resurrección,
2021-04-02T21:52:35Z,Feliz Pascua de Resurrección,
